生产资产ID,资产类型,资产名称,资产级别,剧本出处,关联场次或段落,基础描述,补全设计信息,状态变体,材质结构或声音特点,光影或环境要求,使用或生成需求,可复用范围,信息来源,确认状态,阶段2处理建议
QNXY-CHR-P0-001-苏珏,CHR,苏珏,P0,V4标黄P013、P032、P034、P054、P056-P061、P080-P088,AI-01至AI-04,南宋青年男主；同一演员贯穿书生、决意从军与披甲离别,真人男演员参考组QNXY-REF-011与014已到位；REF-014近正面主锚点、REF-011三分之四和可见手部补充；生产身高185厘米；不继承现代发型服装与棚拍背景,常服A、外出常服、披甲状态,真实肤质；同一骨相与发际线气质,南宋巴蜀环境自然受光,人物锁脸基础资产；完成脸部、可见上身、185厘米生产尺度与全身比例合理化测试,AI-01至AI-04,剧本明确;项目锁定;用户授权演员参考;主创身高锁定,已锁定,苏珏参考材料门已满足；阶段2A启动后可测锁脸与185厘米全身尺度
QNXY-CHR-P0-002-林如蔚,CHR,林如蔚,P0,V4标黄P013、P033-P036、P056-P061、P080-P088、P097-P104,AI-01至AI-05,南宋年轻女主；湖岸相候、告别、追船与终身等待,真人女演员参考组QNXY-REF-001至003已到位；图3正面主锚点、图1/2三分之四补充；生产身高170厘米；年轻至暮年保持同一骨相；不继承现代妆发首饰服装与背景,多季服装与自然老化状态,真实肤质；年轻明亮而不甜腻；情绪克制,湖岸与廊亭自然侧光；暮年真实皱纹,人物锁脸基础资产；完成年轻脸、可见上身、170厘米生产尺度与自然老化测试；完整全身比例需合理化,AI-01至AI-05,剧本明确;项目锁定;用户授权演员参考;主创身高锁定,已锁定,林如蔚参考材料门与170厘米身高已锁定；阶段2A启动后可测锁脸和全身比例
QNXY-CHR-P1-003-王后抱襁褓太子侧影,CHR,王后抱襁褓太子侧影,P1,V4标黄P011,AI-01,殿宇帷幔后短暂出现的王后抱子侧影；不露脸不展开宫殿戏,只补足庄重抱子轮廓、袖缘和襁褓比例；具体历史身份造型不在V4中确认,单一水光侧影状态,侧影轮廓与柔软衣袖；襁褓只见体块,冷蓝与金红水光勾边,生成遮挡式侧影组合资产,仅AI-01,剧本明确;历史参考候选;创作者建议,建议采用,阶段2随AI-01神话测试制作；不得生成正脸或婴儿细节
QNXY-CST-P0-001-苏珏湖岸常服A,CST,苏珏湖岸常服A,P0,V4标黄P032、P034-P036,AI-02,蓝灰色低饱和日常长袍；怀抱书卷纸墨；湖上乘舟与靠岸,QNXY-REF-007的服装发型与配饰默认整体继承；唯一禁止继承项为参考人物脸部身份；苏珏脸只取REF-014/011,干燥整洁日常状态,天然纤维长袍；衣摆受湖风,清晨晨雾与湖面反光,正侧背与动作适配资产,AI-02,剧本明确;用户服饰参考;2026-07-15主创边界修正,已锁定,阶段2A按REF-007整体服饰边界制作并保持苏珏演员脸
QNXY-CST-P0-002-林如蔚湖岸常服A,CST,林如蔚湖岸常服A,P0,V4标黄P033-P036、P099,AI-02;AI-05春,杏粉、豆绿、米白相间湖边常服；可提竹篮并接书卷,QNXY-REF-004的服装发型发带花饰葫芦铃铛提篮及配饰默认整体继承；QNXY-REF-006仍只取文件名指定三格并整体继承其服饰发型配饰；唯一禁止继承项为参考人物脸部身份,AI-02基础状态；春季另加素色丝带,服饰参考整体结构与配饰,清晨湖岸侧光；受湖风,正侧背、提篮与接书卷动作适配资产,AI-02;AI-05春,剧本明确;用户服饰参考;2026-07-15主创边界修正,已锁定,阶段2A按REF-004/006整体服饰边界制作并保持林如蔚演员脸
QNXY-CST-P0-003-苏珏外出常服B,CST,苏珏外出常服B,P0,V4标黄P054-P061,AI-03,苏珏决定从军时换上的外出常服；手持并攥紧文书,V4未写颜色；QNXY-REF-008的服装发型斜背负重带坠饰及配饰默认整体继承；唯一禁止继承项为参考人物脸部身份；苏珏脸只取REF-014/011,干燥；文书造成手部褶皱互动,服饰参考整体结构与配饰；不提前披甲,傍晚廊柱阴影与湖面反光,正侧背、快走、握文书和凭栏适配资产,AI-03,剧本明确;用户服饰参考;2026-07-15主创边界修正,已锁定,阶段2A按REF-008整体服饰边界制作并与常服A区分
QNXY-CST-P0-004-林如蔚廊亭告别常服B,CST,林如蔚廊亭告别常服B,P0,V4标黄P056-P061、P101,AI-03;AI-05秋,廊亭告别时更沉静的常服；秋季明确穿回此套,QNXY-REF-005的服装发型及配饰默认整体继承；QNXY-REF-006仍只取限定三格并整体继承服饰发型配饰；唯一禁止继承项为参考人物脸部身份,AI-03基础状态；AI-05秋叠薄披,服饰参考整体结构与配饰,傍晚廊柱阴影；秋季低角度斜光,正侧背、栏杆站姿与转身适配资产,AI-03;AI-05秋,剧本明确;用户服饰参考;2026-07-15主创边界修正,已锁定,阶段2A按REF-005/006整体服饰边界制作并保持林如蔚演员脸
QNXY-CST-P0-005-苏珏从军披甲装,CST,苏珏从军披甲装,P0,V4标黄P013、P080-P088,AI-01;AI-04,南宋青年从军衣甲；甲片压住衣襟；腰侧垂行囊；暖珠固定在前胸偏左甲绦硬点,QNXY-REF-009与010的服装发型及穿戴配饰默认整体继承；唯一禁止继承项为参考人物脸部身份；再组合2026-07-15已确认的深蓝灰窄袖内层＋灰褐简洁护片/札片克制轻甲和暖珠硬点,扣甲带预告状态；桥上完整披甲状态；暖珠系挂状态,参考服饰整体结构配饰与克制轻甲外层,雾色侧逆光与黄昏湖面反光,正侧背、扣甲带、系珠、登船和回望适配资产,AI-01;AI-04,剧本明确;项目锁定;用户服饰参考;2026-07-15主创边界修正,已锁定,阶段2A按REF-009/010整体服饰边界组合已确认轻甲并测试稳定与暖珠固定位置
QNXY-CST-P1-006-林如蔚石桥离别与湿裙追船状态,CST,林如蔚石桥离别与湿裙追船状态,P1,V4标黄P080-P088,AI-04,石桥离别服装及追船后的裙角湿水、鬓发被风吹乱状态；冷珠手链交换后戴腕,V4未明确其基础服装是否沿用常服B；建议沿用廊亭告别常服B以维持时间连续；腕侧待2A一次锁定,干燥离别状态→冷珠手链戴腕→湖水打湿裙角→鬓发散乱泪痕状态,天然纤维吸水后加深并下坠；鞋履适合碎石奔跑；手链随手腕运动不穿模,黄昏逆光与湖面反光；水线真实,生成干燥与湿裙两个状态资产并验证冷珠腕戴,AI-04,剧本明确;合理推断;历史参考候选;主创修正,已锁定,已确认沿用常服B；冷珠腕戴可进入阶段2A细化
QNXY-CST-P1-007-林如蔚春季等待状态,CST,林如蔚春季等待状态,P1,V4标黄P099,AI-05春,沿用湖岸相候浅色常服；发侧加素色丝带；站立等待；冷珠手链戴腕,不得把丝带误作夸张仙侠飘带；袖口需适配冷珠手链露出与活动,春季完整干燥状态；冷珠腕戴,常服A天然纤维；素色软丝带受风；细编绳手链,春日柔侧光、白鹭、嫩柳,生成同机位春季人物状态与腕戴连续性,AI-05春,剧本明确;项目锁定;主创修正,已锁定,阶段2与常服A共用脸和基础结构并锁定腕侧
QNXY-CST-P1-008-林如蔚夏季等待状态,CST,林如蔚夏季等待状态,P1,V4标黄P100,AI-05夏,湖岸常服的轻薄夏日变体；外层更少；树下坐姿；冷珠手链戴腕,保持南宋朴素结构并满足坐姿褶皱、手臂活动与腕部接触,夏季轻薄干燥状态；冷珠腕戴,透气天然织物；袖摆受湿润湖风；细编绳手链,夏季树荫斑驳光与明亮湖面,生成坐姿全身、同机位状态与腕戴连续性,AI-05夏,剧本明确;项目锁定;主创修正,已锁定,阶段2不得把夏季恢复为站姿或把冷珠改为掌心握持
QNXY-CST-P1-009-林如蔚秋季等待状态,CST,林如蔚秋季等待状态,P1,V4标黄P101,AI-05秋,廊亭告别常服B外加薄披；发饰仅留素簪；重新系紧红绸；冷珠手链戴腕,薄披结构、素簪形制、重新系绸抬手活动量和手链受力需适配,常服B＋薄披＋素簪；红绸接触状态；冷珠腕戴,天然纤维薄披；草色转黄与寒波；细编绳手链,秋季低角度斜光,生成站姿、抬手系绸和腕戴连续性状态,AI-05秋,剧本明确;项目锁定;主创修正,已锁定,阶段2与常服B先后依赖并保持腕侧一致
QNXY-CST-P1-010-林如蔚冬季等待状态,CST,林如蔚冬季等待状态,P1,V4标黄P102,AI-05冬,灰白冬装外氅；鬓边发丝被雪沾湿；肩头薄雪；站在同一位置；冷珠手链戴腕,建议内层朴素保暖、外氅不做现代羽绒形态；袖口需避免遮没或穿透手链,干燥基础→肩头薄雪和湿发状态；冷珠腕戴,厚实天然织物；外氅有真实重量；细编绳手链,冬季冷漫反射、冷雾、轻微呼吸白气,生成基础冬装、落雪状态与袖口腕戴适配,AI-05冬,剧本明确;项目锁定;主创修正,已锁定,阶段2与冬季VFX和腕戴可见性联测
QNXY-CST-P0-011-林如蔚暮年自然老化与素净衣装,CST,林如蔚暮年自然老化与素净衣装,P0,V4标黄P103-P104,AI-05多年后,同一林如蔚自然老化；白发木簪；素净衣色；冷珠手链仍戴腕望湖,年龄幅度V4未给具体岁数；建议以可辨认同一骨相为首要；不恐怖老化不换脸；同一手链仅允许自然轻微磨痕,暮年自然皱纹、手腕与手背纹理、白发木簪、素净衣装和冷珠腕戴,真实老年皮肤、不夸张体态与细编绳手链,多年后冷静湖光与背侧光,生成脸部老化验证、全身与老年手腕佩戴状态,AI-05多年后,剧本明确;项目锁定;合理推断;主创修正,已锁定,按已确认自然老化、素净衣装和冷珠终身腕戴方向进入阶段2A
QNXY-CST-P2-012-王后抱子侧影服饰状态,CST,王后抱子侧影服饰状态,P2,V4标黄P011,AI-01,只服务侧影识别的王后衣袖与襁褓轮廓,不展开历史复原；不出现冠服正面细节,单一侧影状态,柔软长袖与襁褓布,冷暖水光勾边,与CHR-003合并轻量制作,仅AI-01,剧本明确;创作者建议,建议采用,随王后侧影组合资产制作
QNXY-VOI-P0-001-苏珏基础音色,VOI,苏珏基础音色,P0,V4标黄P014、P057、P083-P085,AI-01;AI-03;AI-04,青年男性稳定音色；承担画外独白与画内对白,建议中低音域、温润克制、书生气不过柔；从哽咽欲止到离别坚定仍为同一声线,画外独白、低声哽咽对白、沉稳离别对白,真实人声；吐字清楚；不过度播音腔,无音乐；环境同期声另分层,音色验证与中性声音样本,全项目苏珏古代线,剧本明确;创作者建议,已锁定,声音方向已确认；阶段2先做音色验证再做台词性能样本
QNXY-VOI-P0-002-林如蔚基础音色,VOI,林如蔚基础音色,P0,V4标黄P035、P053、P055、P060、P082-P083、P104,AI-02至AI-05,青年女性稳定音色；承担画外讲述与画内对白,建议中音域、温润清澈、克制笃定；画外讲述不导游播报；对白不甜腻,画外叙述、温柔笃定对白、离别含泪但不哭腔,真实人声；吐字清楚；与苏珏中低音域区分,无音乐；环境同期声另分层,音色验证与中性声音样本,全项目林如蔚古代线,剧本明确;创作者建议,已锁定,声音方向已确认；阶段2先做音色验证再做台词性能样本
QNXY-VOI-P0-003-苏珏AI01画外独白,VOI,苏珏AI01画外独白,P0,V4标黄P014,AI-01,原词：冷暖双珠由九龙灵气凝结，双珠相合，护佑湖山安宁。可乱世一来，山河动荡，双珠离散，传说也从此变成一场没有讲完的梦。,沿用苏珏基础音色；神话讲述克制低缓；不得改字改序,画外独白性能样本,干净人声并预留山风水声层,不绑定画面人物口型,完整原词音频单元,AI-01,剧本明确;项目锁定,已锁定,阶段2声音Prompt与后续视频同步生产
QNXY-VOI-P0-004-林如蔚AI02画外音,VOI,林如蔚AI02画外音,P0,V4标黄P035,AI-02,原词：距今大约七百多年前，有一对年轻眷侣生活在这片湖边。那时的龙水湖依山傍水，百岛卧波，白鹭常来。他读书识字，常乘小舟往来湖岸；她操持日常，在岸边等他归来。,沿用林如蔚基础音色；温柔叙事；不得改字改序,画外音性能样本,干净人声并预留晨湖环境声,不绑定画面人物口型,完整原词音频单元,AI-02,剧本明确;项目锁定,已锁定,阶段2声音Prompt与后续视频同步生产
QNXY-VOI-P0-005-林如蔚AI03战乱画外音,VOI,林如蔚AI03战乱画外音,P0,V4标黄P053,AI-03,原词：战火蔓延，前线告急，钓鱼城防线承压，百姓四散逃难。本地义士自发奔走，号召青壮参军，守卫家园，驰援钓鱼城防线。,沿用林如蔚基础音色；叙事紧迫但不喊；不得改字改序,画外音性能样本,干净人声并预留战鼓人群层,不绑定画面人物口型,完整原词音频单元,AI-03战乱段,剧本明确;项目锁定,已锁定,阶段2声音Prompt与后续视频同步生产
QNXY-VOI-P0-006-林如蔚AI03决意画外音,VOI,林如蔚AI03决意画外音,P0,V4标黄P055,AI-03,原词：故事里的那个年轻人，也下定决心，奔赴前线。,沿用林如蔚基础音色；从外部战乱收束到人物决意；不得改字改序,画外音性能样本,干净人声并预留廊道脚步层,不绑定画面人物口型,完整原词音频单元,AI-03转场,剧本明确;项目锁定,已锁定,阶段2声音Prompt与后续视频同步生产
QNXY-VOI-P0-007-林如蔚AI04离别画外音,VOI,林如蔚AI04离别画外音,P0,V4标黄P082,AI-04,原词：离别将至，那时的他们，没有厚重的信物，只以两枚贴身珠玉相赠，以此寄托。,沿用林如蔚基础音色；克制含情；不得改字改序,画外音性能样本,干净人声并预留湖风玉石声,不绑定画面人物口型,完整原词音频单元,AI-04,剧本明确;项目锁定,已锁定,阶段2声音Prompt与后续视频同步生产
QNXY-VOI-P0-008-林如蔚AI05四季画外音,VOI,林如蔚AI05四季画外音,P0,V4标黄P104,AI-05,原词：爱人远赴战场之后，她便守在湖边，日日祈愿他平安归来。春有白鹭掠水，夏有荷香入风，秋有寒波照影，冬有落雪覆岸。四季更迭，岁月流转，她始终守着那颗冷珠，等一个未归的人。,沿用林如蔚基础音色；跨度悠长但不衰老播音；不得改字改序,画外音性能样本,干净人声并预留四季环境声切换,不绑定画面人物口型,完整原词音频单元,AI-05,剧本明确;项目锁定,已锁定,阶段2声音Prompt与后续视频同步生产
QNXY-VOI-P0-009-苏珏AI03廊亭对白,VOI,苏珏AI03廊亭对白,P0,V4标黄P057-P058,AI-03,原词：如今外敌入侵，人间疾苦，我……,低声哽咽、欲言又止；说到我后停住；不得补写后半句,画内对白性能样本,同期湖风、纸张与呼吸；无音乐,必须绑定苏珏准确口型；不升格,完整原词对白单元,AI-03,剧本明确;项目锁定,已锁定,阶段2声音性能样本与阶段3口型约束
QNXY-VOI-P0-010-林如蔚AI03廊亭对白,VOI,林如蔚AI03廊亭对白,P0,V4标黄P060,AI-03,原词：我都懂。家国危难，你不必为难。你只管奔赴前路，我会在这里等你归来。,温柔笃定、满眼通透；完整顺序；不得拆字改词,画内对白性能样本,同期湖风与灯笼轻响；无音乐,绑定林如蔚准确口型；可多镜承载但原词连续,完整原词对白单元,AI-03,剧本明确;项目锁定,已锁定,阶段2声音性能样本与阶段3口型约束
QNXY-VOI-P0-011-林如蔚AI04石桥对白,VOI,林如蔚AI04石桥对白,P0,V4标黄P083,AI-04,原词：宝珠换作念想，我就守着这片湖山，日日祈愿，盼你平安归来。,克制不舍但站姿坚定；必须先于触手动作和苏珏台词,画内对白性能样本,同期湖风与玉石细声；无音乐,绑定林如蔚准确口型；不升格,完整原词对白单元,AI-04,剧本明确;项目锁定,已锁定,阶段2声音性能样本；REL-011锁定顺序
QNXY-VOI-P0-012-苏珏AI04石桥对白,VOI,苏珏AI04石桥对白,P0,V4标黄P085,AI-04,原词：战事凶险，倘若此生无缘再见，便以双珠为契，来世再续前缘。,低稳压住不舍；必须在停顿触手动作之后；不得提前,画内对白性能样本,同期湖风、甲片与呼吸；无音乐,绑定苏珏准确口型；不升格,完整原词对白单元,AI-04,剧本明确;项目锁定,已锁定,阶段2声音性能样本；REL-011锁定顺序
QNXY-SCN-P0-001-巴岳山麓龙水湖神话山湖,SCN,巴岳山麓龙水湖神话山湖,P0,V4标黄P009-P015,AI-01,巴岳山脉、龙水湖、4组岛体、5层远山、3条雾带、9条神龙与2颗古玉珠构成的神话起源主空间,REF-016至018锁定地形地貌；REF-025与026锁定影调；docs/29 V2.0锁定65mm机位与34%主山32%湖盆24%天空云雾10%前景,基础神话晨光状态,山岩、水体、云雾、草叶、9条东方神龙与2颗古玉珠,暗部40%|淡金反射8%|神龙前层1条中层3条远层5条|0条龙入水,使用docs/29 V2.0确定性MASTER Prompt；方向视图Prompt在MASTER确认后重写,AI-01,剧本明确;项目锁定;用户2026-07-19重设与确定性Prompt指令,确定性Prompt已编写待主创确认,保留SCN-001及既有视图ID；docs/24旧Prompt停用；以docs/29 V2.0为当前候选
QNXY-SCN-P2-002-殿宇帷幔侧影视域,SCN,殿宇帷幔侧影视域,P2,V4标黄P011,AI-01,只供王后抱子侧影短暂掠过的帷幔、暗色石阶与殿影,保持遮挡和不可辨正脸；不扩展宫殿空间,单一水光侧影状态,帷幔、石阶暗影,冷暖水光勾边,轻量组合背景；无需完整宫殿母图,仅AI-01,剧本明确;创作者建议,建议采用,用户已确认SV0；与CHR-003组合生产
QNXY-SCN-P1-003-大足石刻式九龙水法岩壁,SCN,大足石刻式九龙水法岩壁,P1,V4标黄P011,AI-01,风化岩壁正好9个石龙首、9条重力细流、3层水槽、1座集水池、云水纹、湿痕和苔藓,REF-027至030严格锁定石刻形制；REF-031锁定影调；docs/29 V2.0锁定58mm机位与上2中4下3龙首布局,湿润基础状态,风化砂岩、青灰矿物层、墨青湿痕、12%苔藓覆盖、9条银青细流,暗部62%|暖灰石材高光14%|银青水反光6%|蓝黑森林18%,使用docs/29 V2.0确定性MASTER Prompt；水路细节视图Prompt在MASTER确认后重写,AI-01,剧本明确;项目锁定;用户2026-07-19重设与确定性Prompt指令,确定性Prompt已编写待主创确认,保留SCN-003及既有视图ID；docs/24旧Prompt停用；与SYM-001绑定；以docs/29 V2.0为当前候选
QNXY-SCN-P1-004-南宋山城防线远景,SCN,南宋山城防线远景,P1,V4标黄P012、P050-P053,AI-01;AI-03,中远景青灰石防线、1座木关门、4面军旗、2缕烽烟与4层低缓远山,REF-032与033锁定青蓝雾山影调；docs/29 V2.0锁定80mm机位、近景1条低坡、近景0座高山与城墙空间坐标,防线承压烽烟状态,青灰石城墙、夯土填芯、旧木门楼、军旗与暗赭烽烟,近景14%|中景38%|远山28%|天空云雾20%|暗赭烽烟4%,使用docs/29 V2.0确定性MASTER Prompt,AI-01;AI-03,剧本明确;项目锁定;用户2026-07-19参考图1至2与确定性Prompt指令,确定性Prompt已编写待主创确认,稳定资产ID与SV0视图ID保留；docs/24旧Prompt停用；以docs/29 V2.0为当前候选
QNXY-SCN-P0-005-南宋龙水湖湖面与青石岸,SCN,南宋龙水湖湖面与青石岸,P0,V4标黄P030-P037,AI-02,龙水湖暖金清晨、3组岛体、天然青石岸、1艘7.5米小舟、4只白鹭、1块等待区与1条1.5米归家路径,REF-034锁定暖金晨湖影调；REF-035锁定船岸构图；REF-036锁定船体；docs/29 V2.0锁定58mm高位机位和人物为0,晨雾小舟归岸状态,湖水、天然青石、岸草、旧木篷船、1卷书卷、1个纸墨包、1只竹篮,湖面58%|暖金反射占湖面25%|2层湖雾|4只白鹭固定坐标,使用docs/29 V2.0无人确定性MASTER Prompt；3项方向视图Prompt在MASTER确认后重写,AI-02,剧本明确;合理推断;用户2026-07-19参考图3至5与确定性Prompt指令,确定性Prompt已编写待主创确认,稳定资产ID与SV1视图ID保留；docs/24旧Prompt停用；以docs/29 V2.0为当前候选
QNXY-SCN-P1-006-南宋战乱街巷,SCN,南宋战乱街巷,P1,V4标黄P050-P054,AI-03,逃难百姓、义士号召、征募文书上墙的南宋街巷,锁定街巷纵深、布告墙、人群通行区和通往廊道的叙事出口；不出现现代街招,尘土扬起与拥挤逃难状态,粗粝墙面、土石路、木构门面,阴天冷光和尘土灰,场景母图＋布告墙方向视图,AI-03,剧本明确;合理推断;历史参考候选,建议采用,用户已确认SV1及稳定视图ID
QNXY-SCN-P0-007-南宋临水古廊亭,SCN,南宋临水古廊亭,P0,V4标黄P050、P054-P061,AI-03,左下廊亭端部、3根立柱、8米栏杆、1盏旧布灯笼、5只白鹭、1艘远舟、58%湖面与4层暮山,REF-026锁定青蓝墨青雾层与冷青湖光；docs/29 V2.0锁定70mm斜对岸机位和白鹭2只低飞2只中景1只高飞,雨后傍晚基础状态,旧木廊柱、栏杆、灰瓦、香灰石基、旧布灯笼,廊亭18%|树影12%|湖面58%|远山天空12%|灯笼暖光1.5%,使用docs/29 V2.0确定性MASTER Prompt；标准五视图Prompt在MASTER确认后重写,AI-03;AI-05秋服来源,剧本明确;项目锁定;用户2026-07-19参考图6与确定性Prompt指令,确定性Prompt已编写待主创确认,稳定资产ID与SV2视图ID保留；docs/24旧Prompt停用；以docs/29 V2.0为当前候选
QNXY-SCN-P0-008-南宋西子湾三孔石桥渡口与追船岸,SCN,南宋西子湾三孔石桥渡口与追船岸,P0,V4标黄P079-P088,AI-04,1座36米南宋三孔石桥横跨河面连接两岸；1艘7.8米渡船、1根6米粗麻缆绳、1条1.8米追船路径组成连续空间,REF-037锁定黄昏暖橙逆光；REF-038锁定桥横跨河面连接两岸；docs/29 V2.0锁定58mm追船岸机位与3个拱孔尺寸,黄昏基础状态,风化青灰砂岩、素面石栏、夯土桥面、粗麻缆绳、旧木渡船,桥宽度78%|河面46%|暖橙反射占河面18%|远山3层,使用docs/29 V2.0确定性MASTER Prompt；标准五视图Prompt在MASTER确认后重写,AI-04,剧本明确;项目锁定;用户2026-07-19参考图7至8与确定性Prompt指令,确定性Prompt已编写待主创确认,稳定资产ID与SV2视图ID保留；docs/24旧Prompt停用；以docs/29 V2.0为当前候选
QNXY-SCN-P0-009-湖边祈福树固定机位湖岸,SCN,湖边祈福树固定机位湖岸,P0,V4标黄P096-P104,AI-05,固定65mm机位中的1名女子、裁切祈福树、42%湖面、20%远山与固定主叙事红绸,REF-039提供偏侧树体远山层次；REF-024提供红绸材质；docs/29 V2.0锁定树38%湖42%山20%及春夏秋冬暮年5个状态,春22岁48条红绸18簇山花3只白鹭→夏28岁51条红绸1艘船→秋36岁55条红绸7只候鸟→冬44岁57条红绸7厘米积雪→暮年68岁72条红绸1根手杖,树皮、天然纤维红绸、岸草、碎石、湖水、远山、山花、雨雾、积雪,春06:20春雨嫩绿湖雾|夏10:30雨后深绿通透|秋17:40满山金黄|冬14:20下雪月白石青|暮年初秋06:10雨后银青,使用docs/29 V2.0五条确定性年轮Prompt；按春夏秋冬暮年顺序生成回流,AI-05,剧本明确;项目锁定;用户2026-07-19四季构图重设春季山花补充与确定性Prompt指令,确定性Prompt已编写待主创确认,稳定资产ID与SV0视图ID保留；docs/24旧Prompt停用；以docs/29 V2.0为当前候选
QNXY-LGT-P0-001-神话山湖晨光,LGT,神话山湖晨光,P0,V4标黄P009-P011,AI-01,巴岳山与龙水湖白日晨光；云层低垂；湖面水汽上升,主光由云层切入；山体背阴偏冷；湖面局部暖反光,平静晨光与冷暖水光汇聚,自然天光、水面反光与云层切光,人物或生物只受环境光影响,场景母图光影变体,SCN-001,剧本明确;项目锁定,已锁定,阶段2纳入神话山湖母图
QNXY-LGT-P1-002-神话山湖乱世压暗光影,LGT,神话山湖乱世压暗光影,P1,V4标黄P012-P015,AI-01,山河忽然转暗；江雾翻涌；烽烟与军旗压低；湖面起皱,主光被云层吞没；冷灰环境光与暗红烽烟点,由晨光过渡到阴暗风云,湿雾、暗云和湖面低亮反光,青年扣甲与女子远望仍可辨轮廓,SCN-001光影变体,SCN-001;SCN-004,剧本明确;项目锁定,已锁定,阶段2与VFX-004联动制作
QNXY-LGT-P2-003-殿宇冷暖水光,LGT,殿宇冷暖水光,P2,V4标黄P011,AI-01,冷蓝与金红两道水光只勾亮王后袖缘和帷幔,不照出正脸；暗色石阶保持不可辨,单一意象光影,低亮度水光反射,冷暖水光仅作用于帷幔与袖缘,服务侧影组合资产,SCN-002,剧本明确,已锁定,随侧影轻量制作
QNXY-LGT-P1-004-九龙水法冷暖水纹光,LGT,九龙水法冷暖水纹光,P1,V4标黄P011,AI-01,石壁冷阴影与暖水光分区；冷暖水纹在石面交汇,主光不做法宝爆光；亮度仅随水痕和水珠,湿润石壁光影状态,粗石面低反射与水珠高光,冷阴影与暖水纹低亮交汇,服务岩壁母图和纹理可读性,SCN-003,剧本明确;项目锁定,已锁定,阶段2与VFX-002、SYM-001联测
QNXY-LGT-P1-005-山城江雾烽烟光影,LGT,山城江雾烽烟光影,P1,V4标黄P012、P050-P053,AI-01;AI-03,江雾遮蔽的冷灰日光与山脊后暗红烽烟,远景城墙和军旗需可辨但无戏剧爆光,雾色防线承压状态,湿雾散射、烟尘吸光,冷灰雾光与暗红烟边,服务防线远景,SCN-004,剧本明确;项目锁定,已锁定,阶段2与VFX-004联动
QNXY-LGT-P0-006-龙水湖清晨薄雾金光,LGT,龙水湖清晨薄雾金光,P0,V4标黄P030-P037,AI-02,清晨薄雾未散；湖面铺细碎金光；山岛层叠,侧前或侧后自然光；人物脸部以湖面反光柔托而非顺光,单一清晨状态,湿润空气、湖面碎反光、薄雾,清晨侧光与湖面反光,小舟、青石岸和人物融合,SCN-005,剧本明确;项目锁定,已锁定,阶段2纳入场景母图
QNXY-LGT-P1-007-战乱街巷阴天尘光,LGT,战乱街巷阴天尘光,P1,V4标黄P050-P054,AI-03,阴天冷光；脚步扬尘使远景发灰,人物和文书保持可见；不使用战争爆炸光,尘土动态状态,冷灰漫射与局部墙面侧光,阴天冷光和尘土散射,服务群演与文书融合,SCN-006,剧本明确;合理推断,建议采用,阶段2纳入街巷母图
QNXY-LGT-P0-008-临水廊亭傍晚侧逆光,LGT,临水廊亭傍晚侧逆光,P0,V4标黄P050、P056-P061,AI-03,晚光贴廊柱落下；廊柱阴影切空间；湖面安静冷反光,主光从湖岸侧后方；人物半边脸在柱影；灯笼只轻晃不抢主光,傍晚基础状态,木材低反射、湖面冷反光、空气轻雾,对白人物受光一致,场景母图与人物融合测试,SCN-007,剧本明确;项目锁定,已锁定,阶段2纳入廊亭母图并做人物融合测试
QNXY-LGT-P0-009-西子湾黄昏金红余光,LGT,西子湾黄昏金红余光,P0,V4标黄P079-P088,AI-04,湖面铺金红余光；三孔桥与人物受侧逆光；远处山岛水雾压湖面,甲片、珠面、泪光和湿裙只出现真实反射；禁止强珠光,黄昏向远船余光减弱状态,湿石、湖水、甲片和玉石反光,黄昏侧逆光和湖面金红反光,覆盖互赠、登船、追船与远船,SCN-008,剧本明确;项目锁定,已锁定,阶段2纳入三孔桥母图与关键道具联测
QNXY-LGT-P1-010-祈福树春季柔侧光,LGT,祈福树春季柔侧光,P1,V4标黄P097-P099,AI-05春,嫩柳与湖面春日柔侧光；人物仍有盼归亮意,固定摄影机与地理关系不变,春季新红绸和白鹭状态,柔和自然光、低对比湖面,人物常服A与丝带受光,春季场景光影变体,SCN-009,剧本明确;项目锁定,已锁定,阶段2制作季节光影变体
QNXY-LGT-P1-011-祈福树夏季树荫斑驳光,LGT,祈福树夏季树荫斑驳光,P1,V4标黄P100,AI-05夏,湖风湿润；荷叶铺开；树下坐姿处有透叶斑驳光,固定摄影机与地理关系不变；外层更少但不顺光,夏季浓荫与亮湖面状态,树叶遮光与湿润空气,人物夏装、冷珠与坐姿受光,夏季场景光影变体,SCN-009,剧本明确;项目锁定,已锁定,阶段2制作季节光影变体
QNXY-LGT-P1-012-祈福树秋季低角度斜光,LGT,祈福树秋季低角度斜光,P1,V4标黄P101,AI-05秋,草色转黄、寒波压岸；低角度斜光表现时间流逝,固定摄影机与地理关系不变；红绸褪色,秋季偏冷斜光状态,薄披、素簪和旧化红绸的低饱和反光,人物重新系绸动作可见,秋季场景光影变体,SCN-009,剧本明确;项目锁定,已锁定,阶段2制作季节光影变体
QNXY-LGT-P1-013-祈福树冬季冷漫反射,LGT,祈福树冬季冷漫反射,P1,V4标黄P102,AI-05冬,落雪、冷雾与薄雪覆盖形成冷漫反射；呼吸白气轻微,固定摄影机与地理关系不变；人物脸部不顺光,冬季冷雾与薄雪状态,雪面低亮漫反射、湿发和外氅吸光,人物冬装与VFX融合,冬季场景光影与人物融合变体,SCN-009,剧本明确;项目锁定,已锁定,阶段2与VFX-006联测
QNXY-LGT-P1-014-祈福树多年后背侧冷光,LGT,祈福树多年后背侧冷光,P1,V4标黄P103-P104,AI-05多年后,旧红绸与暮年林如蔚受背侧冷光；湖面反光只托出轮廓和皱纹,固定摄影机与地理关系不变；眼神安静,多年后旧化状态,白发边缘光、真实皱纹与冷雾散射,暮年角色融合,多年后场景光影与暮年融合变体,SCN-009,剧本明确;项目锁定,已锁定,阶段2与暮年测试资产联测
QNXY-PRP-P0-001-冷珠,PRP,冷珠,P0,V4标黄P010-P015、P081-P088、P097-P104,AI-01;AI-04;AI-05,九龙灵气凝成的冷润龙珠；生产锁定为细编绳手链；交换后由林如蔚长期腕戴,QNXY-REF-015只参考淡青冷绿近球形古玉水石感、深灰细编绳与对称绳结；按腕戴手链重构；图中颈戴构图和颈部尺度不得继承；高透明玻璃、夸张冰裂和商品项链感禁用；具体珠径、腕围、闭合方式和腕侧待2A,凝结悬浮→离散→交换前苏珏腕戴→取下交换→林如蔚腕戴→追船四季暮年持续腕戴,冷润古玉、水光纹理、细编绳、对称结和细微使用痕迹,冷蓝低亮反光；禁止能量球强光,白底道具多角度、手链全环、闭合结构、男女腕戴比例、交换转接和老年手腕佩戴图,AI-01;AI-04;AI-05,剧本明确;项目锁定;用户道具参考;主创修正;合理推断,已锁定,阶段2A按REF-015重释古玉并锁定珠径腕围闭合方式与左右腕；不得回退掌心握持或颈戴
QNXY-PRP-P0-002-暖珠,PRP,暖珠,P0,V4标黄P010-P015、P080-P088,AI-01;AI-04,九龙灵气凝成的温厚暖珠；交换后系在苏珏甲胄上,QNXY-REF-013参考蜜桃暖金近球形古玉水石感、棕色细编绳、小隔珠、活动结和腕戴尺度；交换后绳结适配甲胄；高透明玻璃、夸张冰裂和商品手链感禁用；具体直径待2A,凝结悬浮→离散→交换前林如蔚腕戴候选→交给苏珏→甲胄固定并随船远去,金红温润古玉、低亮内部纹理、系绳,只反真实黄昏光；禁止法宝爆光,白底道具多角度、佩戴比例、手持比例、系绳和甲胄固定图,AI-01;AI-04,剧本明确;项目锁定;用户道具参考;合理推断,已锁定,阶段2A按REF-013重释为古玉并测试直径绳结与轻甲固定
QNXY-PRP-P1-003-书卷与纸墨包,PRP,书卷与纸墨包,P1,V4标黄P032、P034-P036,AI-02,苏珏怀抱的几册书卷和一小包纸墨；递给林如蔚,锁定册数范围、捆扎方式和手持比例；不得现代精装,怀抱→递接→林如蔚接住→苏珏再抱稳,毛边纸、线装或简朴卷册、纸包与麻绳,清晨侧光与湖面反光,白底组合道具图与双人递接尺寸参考,AI-02,剧本明确;合理推断;历史参考候选,建议采用,阶段2与手部接触测试一并制作
QNXY-PRP-P1-004-竹篮药草与折衣组合,PRP,竹篮药草与折衣组合,P1,V4标黄P033-P036,AI-02,林如蔚手提竹篮；内有晒好药草与折好衣物,竹篮尺寸需允许单手提并与书卷交接不冲突；药草种类不在V4确认,完整干燥生活道具状态,竹篾、干药草、天然织物；可见毛边与重量,清晨自然侧光,白底组合与提篮动作参考,AI-02,剧本明确;合理推断,建议采用,阶段2确认药草形态与篮内排列
QNXY-PRP-P0-005-征募文书,PRP,征募文书,P0,V4标黄P052、P054、P056-P061,AI-03,街巷征募布告和苏珏手中的乡里自愿从军文书,是否为同一张纸V4未确认；建议共用时代纸张与文书体系但登记两种使用状态,墙贴平整状态→手持折痕→攥紧褶皱状态,粗糙古纸、浆糊边缘、折痕和毛边；文字不必逐字可读,阴天冷光与廊亭傍晚侧光,文书正背、贴墙、手持与攥皱状态资产,AI-03,剧本明确;合理推断,已锁定,已确认一物多态；阶段2避免AI乱码大字
QNXY-PRP-P1-006-渡船粗麻缆绳,PRP,渡船粗麻缆绳,P1,V4标黄P080、P086,AI-04,系泊渡船并由船工解开的粗麻缆绳,锁定与桥岸系点、船端接触点、长度和受力方向,绷紧系泊→船工解开→松垂离岸,粗麻纤维、毛边、湿气与重力下垂,黄昏侧逆光；受风和船体牵引,白底软道具、系泊状态与解缆接触图,AI-04,剧本明确;合理推断;历史参考候选,建议采用,阶段2与VEH-002和SCN-008联测
QNXY-PRP-P0-007-祈愿红绸,PRP,祈愿红绸,P0,V4标黄P097、P101、P103,AI-05,林如蔚写满心愿并系于同一祈福树枝头的红绸,锁定系挂枝位、打结方式、长度、风中下垂和可读字迹载体；不做现代景区塑料带,新红绸→秋季风雨磨淡并松开→重新系紧→多年后陈旧,天然纤维布、边缘毛丝、受风摆动和雨雪旧化,春夏秋冬光影均需保持同一位置,白底新旧状态、打结、树枝接触和风中形变图,AI-05,剧本明确;项目锁定,已锁定,阶段2与SYM-002文字层和REL-017联动
QNXY-PRP-P2-008-苏珏随身行囊,PRP,苏珏随身行囊,P2,V4标黄P080,AI-04,披甲苏珏腰侧垂挂的简洁行囊,尺寸与挂点不妨碍登船和暖珠位置,单一出征状态,粗布或皮革细节待设计,黄昏侧逆光,轻量道具并入披甲服装,AI-04,剧本明确;合理推断,建议采用,随CST-005制作
QNXY-PRP-P2-009-廊亭灯笼,PRP,廊亭灯笼,P2,V4标黄P061,AI-03,晚风中轻晃的廊檐灯笼,只作环境动势；不作为无来源主光,轻晃状态,竹木骨架与低饱和布面,傍晚环境光,轻量场景附件,AI-03,剧本明确;创作者建议,建议采用,随SCN-007制作
QNXY-PRP-P2-010-逃难布包木箱组,PRP,逃难布包木箱组,P2,V4标黄P052,AI-03,逃难百姓肩背晃动的布包和木箱,需要若干尺寸差异避免复制,拥挤奔逃状态,粗布、麻绳、旧木,阴天尘光,轻量群演附件组,AI-03,剧本明确;合理推断,建议采用,随CRO-001制作
QNXY-VFX-P0-001-神话山湖水汽云雾汇聚,VFX,神话山湖水汽云雾汇聚,P0,V4标黄P010、P012,AI-01,水汽从山脚与岛影升起并受九龙带动汇聚；后受乱世风云扰乱,运动遵循山谷风和湖面蒸腾；不做仙侠粒子,平静上升→旋转汇聚→翻涌扰乱,半透明水汽、云层体积与真实风向,晨光与乱世压暗两套受光,制作可复用雾层和运动参考,AI-01;可复用其他湖面雾景,剧本明确;项目锁定,已锁定,阶段2制作VFX模板与SCN-001联测
QNXY-VFX-P0-002-冷暖双珠凝结与克制珠光,VFX,冷暖双珠凝结与克制珠光,P0,V4标黄P010-P015、P081、P088、P100,AI-01;AI-04;AI-05,水汽在山湖间凝成冷暖双珠；珠光仅为玉石与水光反射,锁定冷蓝与金红两路物理来源；禁止强法宝光,凝结→悬浮→离散→冷珠手腕或暖珠甲片微光,水珠汇聚、玉石透光、低亮微光和湖面反射,随各场景环境光变化,制作凝结模板、手腕/甲片低亮微光模板与禁止强光验证,AI-01;AI-04;AI-05,剧本明确;项目锁定;主创修正,已锁定,阶段2A核心技术测试
QNXY-VFX-P1-003-珠光化湖面水纹叠化,VFX,珠光化湖面水纹叠化,P1,V4标黄P015、P037,AI-01;AI-02,珠光或古代湖岸画面化作湖面水纹并叠化回现实,只登记古代端的水纹物理结果；现代未标黄画面不作为资产,珠光→水纹铺开→古代端结束,真实水面涟漪、墨水般过渡但不做传送门,继承湖面光影,制作古代端转场模板,AI-01;AI-02,剧本明确;项目锁定,已锁定,阶段2只做古代端视觉资产
QNXY-VFX-P1-004-战乱烽烟尘土与风压,VFX,战乱烽烟尘土与风压,P1,V4标黄P012、P051-P053,AI-01;AI-03,烽烟自山脊升起、尘土被脚步扬起、军旗与草叶被风压低,区分远景烽烟与街巷尘土；不出现爆炸或血腥,低强度→防线承压；街巷局部扬尘,烟尘、土尘和真实风场,冷灰天光和暗红烟边,制作远景烽烟与地面尘层模板,AI-01;AI-03,剧本明确;项目锁定,已锁定,阶段2与LGT-002、LGT-005、LGT-007联动
QNXY-VFX-P1-005-玉龙伏守山形与湖底微光,VFX,玉龙伏守山形与湖底微光,P1,V4标黄P012,AI-01,山脉轮廓渐显玉龙伏守形态；湖水深处留一线微光,保持自然山形可辨的隐喻；不生成实体巨龙趴山,由普通山影渐显隐喻状态,山体轮廓、薄雾遮挡、湖下低亮光线,乱世压暗光影,制作遮挡式环境现象模板,AI-01,剧本明确;项目锁定,已锁定,阶段2与CRE-001区分实体龙和山形意象
QNXY-VFX-P1-006-冬季薄雪冷雾与呼吸白气,VFX,冬季薄雪冷雾与呼吸白气,P1,V4标黄P102,AI-05冬,落雪无声、湖面冷雾、肩头薄雪和轻微呼吸白气,雪量轻；白气与气温和呼吸同步；不做暴雪,持续轻雪→肩头积薄雪,雪粒、冷雾、湿发和短暂白气,冷漫反射,制作冬季环境模板和人物接触测试,AI-05冬,剧本明确;项目锁定,已锁定,阶段2与CST-010、LGT-013联测
QNXY-VFX-P1-007-固定机位四季连续变换,VFX,固定机位四季连续变换,P1,V4标黄P096-P104,AI-05,同一摄影机、祈福树、湖岸和远山在春夏秋冬及多年后连续变化,空间不漂移；人物姿态与服装必须按季节变化；不是人物固定站位,春→夏→秋→冬→多年后,季节植被、湖面、天气和材料旧化连续,各季光影资产独立继承,制作同构图季节变体链与对齐测试,AI-05,剧本明确;项目锁定,已锁定,阶段2技术测试；不得沿用历史错误固定人物站位
QNXY-CRE-P0-001-九龙神龙群,CRE,九龙神龙群,P0,V4标黄P010-P011,AI-01,九条神龙自云海盘旋而下；龙身掠过山脊湖面云气；不要求全部正面完整暴露,写实神话意象；需建立九条数量感、尺度、局部鳞片、剪影与盘旋路径；避免游戏怪物化,云中剪影、局部鳞片、水汽遮挡状态,真实鳞片湿润反光；长躯和运动遵循惯性,逆光、云雾遮挡与水汽受光,生成群体结构、局部细节、遮挡比例和运动参考,AI-01,剧本明确;项目锁定,已锁定,阶段2A怪物展示技术测试
QNXY-CRO-P1-001-逃难百姓群像,CRO,逃难百姓群像,P1,V4标黄P052-P053,AI-03,拖家带口四散逃亡的南宋百姓；携布包木箱,建议男女老幼和衣着旧化差异；避免同脸同造型复制,奔逃、回望、护幼和负重等动作差异,低饱和粗布、旧鞋履和生活道具,阴天冷光与尘土,生成群像构成板与密度参考,AI-03,剧本明确;合理推断,建议采用,阶段2与街巷母图和PRP-010组合
QNXY-CRO-P1-002-乡间义士与青壮集结群像,CRO,乡间义士与青壮集结群像,P1,V4标黄P052-P055,AI-03,义士沿街呼喊号召青壮；贴文书和递布告；青壮停步集结,建议义士、响应青壮和观望者分层；避免武侠帮派感,奔走呼喊、贴布告、递文书、停步回头状态,南宋乡民粗布、文书附件,阴天尘光,生成群像构成与功能动作板,AI-03,剧本明确;合理推断,建议采用,阶段2与PRP-005、SCN-006组合
QNXY-CRO-P1-003-渡口船工单人配置,CRO,渡口船工单人配置,P1,V4标黄P086,AI-04,在岸边解开缆绳的船工；只承担功能动作,朴素南宋船工；不抢主角；手与绳、船岸位置要准确,系泊旁站立→俯身解缆→退让船体,粗布、旧鞋和劳动痕迹,黄昏侧逆光,生成全身功能造型与解缆动作参考,AI-04,剧本明确;合理推断;历史参考候选,建议采用,阶段2与VEH-002、PRP-006联测
QNXY-CRO-P2-004-山城防线远处人影,CRO,山城防线远处人影,P2,V4标黄P051,AI-03,烽烟和尘土中急促奔走的不可辨远处人影,只需尺度与方向差异；不做近身厮杀,远景奔走剪影,不可辨服饰体块,江雾与冷灰天光,轻量远景配置,AI-03,剧本明确,已锁定,随SCN-004制作
QNXY-ANM-P1-001-白鹭,ANM,白鹭,P1,V4标黄P031、P035-P036、P099,AI-02;AI-05春,贴湖面低飞并在春季再次掠水的白鹭；SCN-005母图湖面必须有白鹭飞过,锁定真实体型、白羽、黑腿喙部与自然高低错落的飞行关系；REF-034只供暖金晨湖影调参考不继承原鸟种及数量,低飞、翅尖掠水和远处再现状态,真实白羽、黑腿喙部细节和水花,SCN-005暖金晨湖光与春季柔侧光,生成单只结构、少量群体与贴水飞行动作参考,AI-02;AI-05春,剧本明确;用户2026-07-19补充,建议采用,SCN-005母图登记为湖面有白鹭飞过；具体数量后续场景设定确认
QNXY-VEH-P0-001-南宋湖面小舟,VEH,南宋湖面小舟,P0,V4标黄P032、P034-P036,AI-02,载苏珏从湖面缓慢靠岸的南宋小舟；含船桨和靠岸绳,REF-036锁定狭长旧木船体、两端收尖上翘、低矮矩形篷架、弧形木篷顶、船舱尺度和长木桨比例；同时锁定书卷携带空间、靠岸侧及青石岸尺度关系,穿雾航行→靠岸轻晃→停泊,简朴旧木、船板、低矮篷架、弧形木篷、水线、木桨和绳,暖金晨光、薄雾与湖面反光,生成多角度结构和靠岸关系图；无人母图不得出现乘客,AI-02,剧本明确;用户2026-07-19船体参考,重新设定中,使用REF-036；精确南宋巴蜀结构可信度后续复核；本轮不出Prompt
QNXY-VEH-P0-002-南宋渡船,VEH,南宋渡船,P0,V4标黄P080、P086-P088,AI-04,停靠三孔石桥岸边并载苏珏离岸的南宋木渡船,锁定船工操作区、苏珏登船位置、回望位置、缆绳系点、离岸方向与追船岸线尺度,系泊轻晃→解缆→登船→离岸远去,旧木船体、船板、缝隙、水线和可选低矮船篷,黄昏侧逆光和水面金红反光,生成多角度结构、人物尺度、系泊与离岸关系图,AI-04,剧本明确;合理推断;历史参考候选,已锁定,已确认简朴南宋巴蜀木渡船方向；阶段2A校验精确形制并以不遮挡回望决定低矮船篷
QNXY-SYM-P1-001-九龙水法石刻纹理,SYM,九龙水法石刻纹理,P1,V4标黄P011,AI-01,大足石刻式九龙水法纹理、石龙口、青苔与云纹组合,形制细节严格参考REF-027至030的龙头结构、出壁深度、云水纹、水路与风化关系；人物龛像、现代展示设施和水印不自动继承；影调参考REF-031,风化湿润状态待随SCN-003重新设定,风化石刻、高低浮雕水路、青苔和湿痕,影调待依据REF-031重新设定,先完成资料登记与形制边界确认；本轮不出Prompt,AI-01,剧本明确;项目锁定;用户2026-07-19重设指令,重新设定中,待SCN-003场景设定确认后再进入制作
QNXY-SYM-P0-002-祈愿红绸题字,SYM,祈愿红绸题字,P0,V4标黄P097,AI-05,红绸上的原文：愿战事平息，四海清平，良人早归。,必须逐字保留；建议单独制作可读文字层再与红绸复合；不得AI乱码,新写→随红绸褪色磨旧但内容不变,符合南宋语境的手写墨迹；具体书体待确认,春季可读；后续随布料起伏和旧化,生成透明文字层、红绸贴合与旧化版本,AI-05,剧本明确;项目锁定,已锁定,已确认正文可读、不加落款及南宋语境手写方向；阶段2A锁定具体书体
QNXY-SYM-P2-003-南宋防线军旗体系,SYM,南宋防线军旗体系,P2,V4标黄P012、P051,AI-01;AI-03,城头被风压低或猎猎作响的南宋军旗,只需时代和阵营一致；V4未给旗面文字或纹样,风压与雾中远景状态,旧布、低饱和旗色,冷灰天光与烽烟,轻量旗帜系统；避免可读乱码,AI-01;AI-03,剧本明确;未能确认,未能确认,阶段2待美术方向确认后轻量补产
QNXY-SND-P0-001-九龙神话山湖声音母题,SND,九龙神话山湖声音母题,P0,V4标黄P009-P015,AI-01,山风、湖水、水汽、低沉非怪兽化龙吟与神话空间低频组成的声音母题,声音来源必须可解释；不使用音乐替代；视频模型不生成配乐,平静山湖→九龙出现→乱世压下,宽阔风场、近水滴和远层低频,随晨光到风云压暗变化,阶段2声音氛围参考与后续AI视频同期声设计,AI-01,剧本明确;项目锁定;创作者建议,建议采用,阶段2默认启用
QNXY-SND-P0-002-冷暖双珠玉石共鸣,SND,冷暖双珠玉石共鸣,P0,V4标黄P010-P015、P081-P088,AI-01;AI-04,双珠凝结、轻碰、离散、冷珠腕部活动与暖珠甲片接触时的低亮度玉石声响,冷珠与暖珠可有细微音色差；禁止科幻能量音；腕部细响不得喧宾夺主,凝结轻鸣→离散分声→交换轻碰→腕戴细响与远船微弱共鸣,清脆但温润的玉石轻鸣、细编绳摩擦与低频水声,与场景风水声融合,制作声音模板和冷暖区分样本,AI-01;AI-04,剧本明确;创作者建议;主创修正,建议采用,阶段2默认启用
QNXY-SND-P1-003-龙水湖清晨环境声,SND,龙水湖清晨环境声,P1,V4标黄P031-P037,AI-02,木桨划水、白鹭轻鸣、湖风、小舟木响、水拍青石和纸页轻动,按动作分层；不加入音乐,靠岸前→靠岸→递书→离开,自然水声、木材、纸张和衣料摩擦,清晨湿润开阔空间,声音氛围参考与同期声清单,AI-02,剧本明确;创作者建议,建议采用,阶段2默认启用
QNXY-SND-P1-004-山城防线战鼓风声,SND,山城防线战鼓风声,P1,V4标黄P012、P051-P053,AI-01;AI-03,远处战鼓、军旗风声、山风与防线人影的远层呼喊,远近层级清楚；不做血腥近战声,隐约战鼓→防线承压,低频远鼓、强风与远人声,江雾与山谷空间混响,声音氛围参考,AI-01;AI-03,剧本明确;创作者建议,建议采用,阶段2默认启用
QNXY-SND-P1-005-战乱街巷逃难环境声,SND,战乱街巷逃难环境声,P1,V4标黄P052-P055,AI-03,急促脚步、布包木箱晃动、义士呼喊、纸张上墙与人群撤离声,人声不提供新增可辨台词；避免盖过林如蔚画外音,拥挤逃难→文书贴墙→苏珏决意,近脚步、木箱、布料、纸张和中远人群,阴天尘土街巷空间,声音氛围参考与同期声清单,AI-03,剧本明确;创作者建议,建议采用,阶段2默认启用
QNXY-SND-P1-006-临水廊亭傍晚环境声,SND,临水廊亭傍晚环境声,P1,V4标黄P056-P061,AI-03,湖风穿廊、脚步、征募文书折响、衣袖、灯笼轻晃和远水声,对白期间降噪留出清晰口型台词；不使用音乐顶满,脚步进入→欲言又止→并肩沉默,木结构、纸张和柔风层,傍晚临水空间,声音氛围参考与对白同期声清单,AI-03,剧本明确;创作者建议,建议采用,阶段2默认启用
QNXY-SND-P0-007-石桥渡船追船同期声组,SND,石桥渡船追船同期声组,P0,V4标黄P080-P088,AI-04,湖风、玉石、甲片、绳结、解缆、船板、水拍船、碎石奔跑、湿裙、急促呼吸与泪落组成的动作同期声组,必须覆盖互赠、触手、登船、挥手追船、弯腰压膝和远船；对白清晰；不生成音乐,互赠安静→解缆现实动作→追船急促→远船留白,玉石、金属、麻绳、木船、水、脚步和呼吸多层,黄昏开阔湖岸,声音模板与动作时间点清单,AI-04,剧本明确;项目锁定;创作者建议,已锁定,阶段2默认启用；与REL-011至REL-014联动
QNXY-SND-P0-008-祈福树四季湖岸环境组,SND,祈福树四季湖岸环境组,P0,V4标黄P097-P104,AI-05,春白鹭与嫩柳、夏湿润湖风与荷叶、秋寒波和红绸、冬寒风落雪与呼吸、多年后旧绸与缓慢湖风,同一湖岸空间声纹保持连续；画外音清晰；不生成音乐,春→夏→秋→冬→多年后,白鹭、水声、树叶、布料、寒风、雪与呼吸,同一声场随季节变化,制作五段环境变体与连续过渡参考,AI-05,剧本明确;项目锁定;创作者建议,已锁定,阶段2默认启用
QNXY-SND-P1-009-珠光水纹转场声,SND,珠光水纹转场声,P1,V4标黄P015、P037,AI-01;AI-02,珠光低频共鸣逐渐转为湖面水纹的古代端转场声,只做到标黄古代端结束；不替代现实端声音设计,珠声→细水纹→转场留口,玉石低鸣、细水声和空间渐变,继承古代场景环境声,制作可复用转场声音模板,AI-01;AI-02,剧本明确;项目锁定;创作者建议,建议采用,阶段2默认启用
QNXY-REL-P0-001-苏珏跨服装同脸连续性,REL,苏珏跨服装同脸连续性,P0,V4标黄P013、P032-P036、P054-P061、P080-P088,AI-01至AI-04,同一苏珏由常服A、外出常服B到披甲状态；始终使用同一真人演员骨相,服装和情绪变化不得改变脸型五官发际线；AI-01扣甲青年建议与苏珏同人,常服→决意→披甲,CHR-001关联CST-001、003、005,全场自然受光保持同脸,影响阶段2人物资产和阶段3镜头调用,AI-01至AI-04,项目锁定;合理推断,已锁定,阶段2人物映射必须一对多绑定同一CHR
QNXY-REL-P0-002-林如蔚跨服装年龄同脸连续性,REL,林如蔚跨服装年龄同脸连续性,P0,V4标黄P013、P033-P036、P056-P061、P080-P088、P097-P104,AI-01至AI-05,同一林如蔚贯穿常服A、常服B、石桥湿裙、四季和暮年；自然老化不换脸,发饰、姿态、服装和年龄变；骨相五官比例不变,年轻→多年等待→暮年,CHR-002关联CST-002、004、006至011,各场景光影变化不得导致身份漂移,影响阶段2全部人物资产和阶段3调用,AI-01至AI-05,项目锁定,已锁定,阶段2先锁年轻基础脸再派生全部状态
QNXY-REL-P0-003-AI01青年女子身份映射,REL,AI01青年女子身份映射,P0,V4标黄P013,AI-01,V4只称南宋青年和年轻女子；项目叙事与历史参考指向苏珏和林如蔚的命运预告,采用同一主角可强化前世连续；若不采用将新增两名角色资产,青年扣甲、女子攥袖远望,CHR-001与CHR-002候选映射,雾色命运预告,影响阶段2角色数量和全片连续性,AI-01,合理推断;历史参考候选,已锁定,已确认映射为苏珏与林如蔚
QNXY-REL-P0-004-双珠凝结离散关系,REL,双珠凝结离散关系,P0,V4标黄P010-P015,AI-01,冷暖双珠由九龙灵气共同凝结、相生相伴；乱世来临后向两侧离散,两珠形制同源但色温和声纹可区分,凝结→相合悬浮→离散,PRP-001、PRP-002关联VFX-002与SND-002,神话山湖光影,影响阶段2核心道具和VFX测试,AI-01,剧本明确;项目锁定,已锁定,作为双珠所有后续资产的来源关系
QNXY-REL-P0-005-双珠互赠归属连续性,REL,双珠互赠归属连续性,P0,V4标黄P081-P088,AI-04,离别时二人郑重交换珍藏多年的冷暖宝珠；结果为冷珠手链转由林如蔚腕戴、暖珠转系苏珏甲胄,交换前已确认苏珏腕戴冷珠、林如蔚腕戴暖珠；QNXY-REF-013与015只作外观和绳结参考,交换前双珠分别腕戴→交换中取下递交→交换后冷珠戴至林如蔚手腕且暖珠固定甲胄,PRP-001与林如蔚手腕；PRP-002与苏珏甲胄,黄昏同一光影,影响阶段2腕戴/甲胄组合图和阶段3道具连续性,AI-04,剧本明确;项目锁定;用户道具参考;主创修正;合理推断,已锁定,阶段2A联测取下交换、冷珠重戴和暖珠绳结转用
QNXY-REL-P0-006-暖珠甲胄固定连续性,REL,暖珠甲胄固定连续性,P0,V4标黄P081、P084-P088,AI-04,暖珠由林如蔚亲手系在苏珏甲胄上并随登船远去,QNXY-REF-013的棕色细编绳与活动结用于受力逻辑参考；腕戴闭环须在交换后转为甲胄系挂；固定位置、绳结和珠面朝向从系珠到回望不漂移,手中暖珠→腕绳解开或转接→结扣收紧→甲胄固定→远船微光,PRP-002、CST-005、VEH-002,黄昏真实反光,影响阶段2多资产组合和阶段3连续镜头,AI-04,剧本明确;项目锁定;用户道具参考,已锁定,阶段2测试绳结转接与甲胄固定组合
QNXY-REL-P0-007-冷珠手链腕戴终身连续性,REL,冷珠手链腕戴终身连续性,P0,V4标黄P081-P088、P097-P104,AI-04;AI-05,林如蔚交换后把冷珠作为手链戴在手腕上；追船、系红绸、四季与暮年始终腕戴,QNXY-REF-015只参考珠体、深灰细编绳和对称结；颈戴构图与旧掌心长期握持口径废止；同一冷珠尺寸纹理、腕侧与闭合方向不变且可有自然轻微磨痕,交换前苏珏腕戴→交换取下→林如蔚腕戴→追船腕戴→四季腕戴→暮年仍腕戴,PRP-001、CHR-002、CST-006至011,各季环境光只改变反射不改变颜色,影响阶段2佩戴道具状态和阶段3调用；旧ID映射见data/05_阶段1_资产ID修正映射.csv,AI-04;AI-05,项目锁定;用户道具参考;主创修正,已锁定,阶段2建立单一道具映射并联测交换后至终身腕戴；左/右腕由2A一次锁定
QNXY-REL-P1-008-小舟靠岸书卷交接关系,REL,小舟靠岸书卷交接关系,P1,V4标黄P032-P036,AI-02,小舟从湖面靠岸；林如蔚在青石旁等待；苏珏递书卷；二人指尖短触后并肩走向小院,需先锁船向、靠岸侧、等待点、交接点和离开方向,乘舟→靠岸→递接→短触→并肩离开,SCN-005、VEH-001、PRP-003、CHR-001、CHR-002,清晨薄雾金光,影响阶段2关系图和阶段3空间调用,AI-02,剧本明确;合理推断;历史参考候选,已锁定,SCN-005视图与船岸关系已按建议确认
QNXY-REL-P1-009-征募文书决意连续性,REL,征募文书决意连续性,P1,V4标黄P052-P061,AI-03,街巷出现征募文书；苏珏手攥乡里自愿从军文书进入廊亭并在对白中攥出折痕,是否同一张文书未确认；至少统一纸张体系和折痕状态逻辑,贴墙／递人→苏珏持有→攥紧折痕→情绪缓和仍持有,PRP-005、CRO-002、CHR-001、SCN-006、SCN-007,阴天到傍晚光影变化,影响阶段2文书状态图和阶段3手部连续性,AI-03,剧本明确;合理推断,已锁定,已确认一物多态
QNXY-REL-P0-010-廊亭告别站位与对白连续性,REL,廊亭告别站位与对白连续性,P0,V4标黄P056-P061,AI-03,林如蔚起始在靠湖栏杆；苏珏从廊道到她身前几步；她前进半步；最后二人并肩凭栏,原台词逐字保留；苏珏未说完后林如蔚先看文书再回应,分离站位→距离缩短→并肩沉默,SCN-007、CHR-001、CHR-002、PRP-005、VOI-009、VOI-010,同一傍晚侧逆光,影响阶段2空间资产与阶段3镜头调用,AI-03,剧本明确;项目锁定,已锁定,阶段2建立站位关系图但不做正式分镜
QNXY-REL-P0-011-石桥赠珠触手对白固定顺序,REL,石桥赠珠触手对白固定顺序,P0,V4标黄P081-P085,AI-04,固定顺序：林如蔚赠珠台词→苏珏伸手想碰指尖并在半空停顿后轻握/覆住她佩戴冷珠手链一侧的手腕与手背→苏珏来世再续前缘台词,任何拆镜或声音承载不得调换；旧V5.2颠倒顺序废止；原台词逐字不改,互赠并腕戴冷珠→林对白→停顿触手→苏对白,VOI-011、PRP-001、CST-005与VOI-012,黄昏同一光影,影响阶段2组合资产和阶段3全部分镜,AI-04,剧本明确;项目锁定;主创修正,已锁定,阶段2交接必须原样携带
QNXY-REL-P0-012-三孔桥渡口追船空间动线,REL,三孔桥渡口追船空间动线,P0,V4标黄P079-P088,AI-04,同一空间包含三孔石桥下方离别区、渡船停靠点、碎石追船岸线、岸端停步点与船行远方,需阶段2前确认互赠区与桥体相对位置、船行方向、追船方向；旧单孔桥A/B/C图只能作思路不可继承,离别→解缆→登船→沿岸追→岸端停→远船,SCN-008、VEH-002、PRP-006、CHR-001、CHR-002,黄昏余光与湖面反光保持方向,影响阶段2场景视图与阶段3调度,AI-04,剧本明确;项目锁定,已锁定,SCN-008的SV2与三孔桥动线已按建议确认
QNXY-REL-P0-013-追船强制动作链,REL,追船强制动作链,P0,V4标黄P087,AI-04,必须保留林如蔚沿碎石湖岸奔跑、一边挥手、追至尽头、停步、弯下身、手掌压在膝上；冷珠手链始终戴腕；不得用单纯泪落替代,动作顺序和因果锁定；人物跑动要有重量；手链随腕运动且不得穿模消失,起跑挥手→持续追船→岸端停步→弯腰→手掌压膝→含泪回望,CHR-002、CST-006、PRP-001、SCN-008、SND-007,黄昏逆光；湿裙与呼吸同步,影响阶段2动作参考和阶段3镜头完整性,AI-04,剧本明确;项目锁定;主创修正,已锁定,阶段2必须制作腕戴状态下的关键动作姿态板
QNXY-REL-P1-014-追船湿裙鬓发泪痕连续性,REL,追船湿裙鬓发泪痕连续性,P1,V4标黄P087-P088,AI-04,跑动时裙角被湖水打湿；停下时鬓发被风吹乱、泪落；远景凝望仍延续状态,湿水位置、布料重量和鬓发乱度逐步增加；不在登船前提前出现,干燥→裙角湿→鬓发乱与泪痕→远景保持,CHR-002、CST-006、SCN-008、SND-007,黄昏水面反光与风向一致,影响阶段2状态资产和阶段3连续性,AI-04,剧本明确;项目锁定,已锁定,阶段2制作干湿两态和动作接触参考
QNXY-REL-P0-015-祈福树固定机位空间连续性,REL,祈福树固定机位空间连续性,P0,V4标黄P096-P104,AI-05,摄影机、祈福树、湖岸和远山关系固定；季节不换场；人物可站在等待点、坐树下、系红绸或暮年站树下,修正历史文档把人物始终固定同一等待点的错误,春站湖边→夏坐树下→秋系绸→冬站同位置→暮年站树下,SCN-009、VFX-007与各季CST/LGT,同一构图下季节光影变体,影响阶段2场景变体对齐和阶段3调用,AI-05,剧本明确;项目锁定,已锁定,阶段2先确认母图再派生四季
QNXY-REL-P0-016-四季服装姿态与暮年连续性,REL,四季服装姿态与暮年连续性,P0,V4标黄P099-P104,AI-05,春常服A＋素色丝带站立；夏轻薄装坐树下；秋常服B＋薄披＋素簪并重系红绸；冬灰白外氅站立；暮年自然老化白发木簪素净衣色；冷珠手链全程戴腕,不得简化为同服装同姿态；不得将冷珠改为掌心握持、颈戴或随季节消失,春盼归亮意→夏反复望湖→秋修绸→冬守候→暮年安静,CHR-002、CST-007至011、PRP-001、PRP-007,各季LGT-010至014,影响阶段2全套状态资产和阶段3季节顺序,AI-05,剧本明确;项目锁定;主创修正,已锁定,阶段2按季节依赖顺序生产并保持同一腕侧
QNXY-REL-P1-017-红绸系挂旧化连续性,REL,红绸系挂旧化连续性,P1,V4标黄P097、P101、P103,AI-05,红绸初次郑重系于同一枝头；秋季风雨磨淡并松开后重新系紧；多年后变旧且与少量后续新增红绸共同形成年复一年积累,主叙事红绸字迹内容、结点和枝位始终不可漂移；其他红绸允许跨年自然新增和分层旧化但不得整体清空或重置,新写系挂→褪色松动→重新系紧→陈旧干涩→旧愿与新愿逐年叠加,PRP-007、SYM-002、SCN-009、CST-009,春雨夏风秋光冬雪与多年后光影变化,影响阶段2道具变体、SCN-009四季固定机位和阶段3连续性,AI-05,剧本明确;项目锁定;用户2026-07-19年复一年效果补充,已锁定,制作新、褪色松动、重系、旧与逐年叠加状态；人物可变但红绸固定连续性不变
QNXY-REL-P0-018-原台词画外音逐字与口型规则,REL,原台词画外音逐字与口型规则,P0,V4标黄P014、P035、P053、P055、P057、P060、P082-P085、P104,AI-01至AI-05,所有原台词、画外独白和画外音逐字保留、不压缩润色调序；画内说话人准确口型；画外声音不绑定人物口型；台词镜头不升格,可多镜连续承载但声音顺序连续；声音随AI视频生成；无字幕无音乐,VOI-003至012关联基础音色VOI-001至002,各场景同期声不得盖过人声,画内对白继承场景环境但声音口型规则不变,影响阶段2声音资产与阶段3正式分镜和Prompt,AI-01至AI-05,剧本明确;项目锁定,已锁定,阶段2交接必须携带完整原词清单
