场景生产资产ID,场景名称,视图ID前缀,视图需求等级建议,建议原因,母图是否必需,指定必需视图,建议补充视图,是否建议标准五视图,阶段3可能追加专项视图,用户确认等级,用户确认视图清单,用户确认视图ID清单,确认状态,备注
QNXY-SCN-P0-001-巴岳山麓龙水湖神话山湖,巴岳山麓龙水湖神话山湖,QNXY-SCN-P0-001-巴岳山麓龙水湖神话山湖-V,SV1,需核验巴岳山脉湖盆4组岛体5层远山9条空中神龙2颗古玉珠与水汽涡旋的空间关系,是,MASTER;AERIAL-LAKE,无,否,龙身掠湖低位视图;湖面双珠关系视图,SV1,MASTER;AERIAL-LAKE,QNXY-SCN-P0-001-巴岳山麓龙水湖神话山湖-V-MASTER;QNXY-SCN-P0-001-巴岳山麓龙水湖神话山湖-V-AERIAL-LAKE,待主创确认（docs/29 V2.0已编写）,稳定视图ID保留；MASTER使用docs/29 V2.0；AERIAL-LAKE Prompt待MASTER确认后重写
QNXY-SCN-P2-002-殿宇帷幔侧影视域,殿宇帷幔侧影视域,QNXY-SCN-P2-002-殿宇帷幔侧影视域-V,SV0,只在一个遮挡方向短暂出现王后抱子侧影；不展开宫殿空间,是,MASTER,无,否,帷幔局部遮挡专项视图,SV0,MASTER,QNXY-SCN-P2-002-殿宇帷幔侧影视域-V-MASTER,已确认（2026-07-14）,用户确认按建议采用
QNXY-SCN-P1-003-大足石刻式九龙水法岩壁,大足石刻式九龙水法岩壁,QNXY-SCN-P1-003-大足石刻式九龙水法岩壁-V,SV1,需同时锁定9个石龙首的上2中4下3布局与9条重力水路汇入同一集水池的连续关系,是,MASTER;DETAIL-WATERWAY,无,否,水珠贴岩极近局部;低位仰看石龙口,SV1,MASTER;DETAIL-WATERWAY,QNXY-SCN-P1-003-大足石刻式九龙水法岩壁-V-MASTER;QNXY-SCN-P1-003-大足石刻式九龙水法岩壁-V-DETAIL-WATERWAY,待主创确认（docs/29 V2.0已编写）,稳定视图ID保留；MASTER使用docs/29 V2.0；DETAIL-WATERWAY Prompt待MASTER确认后重写
QNXY-SCN-P1-004-南宋山城防线远景,南宋山城防线远景,QNXY-SCN-P1-004-南宋山城防线远景-V,SV0,AI-01与AI-03均使用同方向远景；近景固定1条低坡0座高山；中远景固定1段城墙1座关门4面军旗2缕烽烟,是,MASTER,无,否,城门或军旗局部远摄视图,SV0,MASTER,QNXY-SCN-P1-004-南宋山城防线远景-V-MASTER,待主创确认（docs/29 V2.0已编写）,稳定视图ID保留；MASTER使用docs/29 V2.0；REF-032与033为影调输入
QNXY-SCN-P0-005-南宋龙水湖湖面与青石岸,南宋龙水湖湖面与青石岸及湖边小院,QNXY-SCN-P0-005-南宋龙水湖湖面与青石岸-V,SV1,阶段3 AI-02允许REF-051至052白鹭栖息地作为独立湖面意境镜头跳切；REF-059至062增加药草桌背向全景、栅栏门口望湖、门口回望院内正视和药草整理中景；小舟与船工使用REF-058；停靠位置固定REF-056；全部动作继续逐镜Prompt控制,是,MASTER;LAKE-TO-SHORE;SHORE-TO-LAKE;EXIT-COURTYARD,无,否,无；新增四图均复用既有视图ID，不新增稳定场景视图；后续只需在分镜Prompt中调用相应角度并复核空间连续,SV1,MASTER;LAKE-TO-SHORE;SHORE-TO-LAKE;EXIT-COURTYARD,QNXY-SCN-P0-005-南宋龙水湖湖面与青石岸-V-MASTER;QNXY-SCN-P0-005-南宋龙水湖湖面与青石岸-V-LAKE-TO-SHORE;QNXY-SCN-P0-005-南宋龙水湖湖面与青石岸-V-SHORE-TO-LAKE;QNXY-SCN-P0-005-南宋龙水湖湖面与青石岸-V-EXIT-COURTYARD,主创已指定阶段3输入、全Prompt动作控制和新增小院多视角（2026-07-26至27）,稳定视图ID不变；REF-059与062映射EXIT-COURTYARD；REF-060映射SHORE-TO-LAKE；REF-061映射LAKE-TO-SHORE；REF-056仍锁定停靠点；多视角强化药桌—栅栏门—湖面方向关系但不等于自动通过跨镜连续性
QNXY-SCN-P1-006-南宋战乱街巷,南宋战乱街巷,QNXY-SCN-P1-006-南宋战乱街巷-V,SV1,需锁定人群逃难纵深、义士通行方向和布告墙位置；无需完整反打五视图,是,MASTER;STREET-DEPTH;NOTICE-WALL,无,否,贴文书手部局部;人群遮挡低机位,SV1,MASTER;STREET-DEPTH;NOTICE-WALL,QNXY-SCN-P1-006-南宋战乱街巷-V-MASTER;QNXY-SCN-P1-006-南宋战乱街巷-V-STREET-DEPTH;QNXY-SCN-P1-006-南宋战乱街巷-V-NOTICE-WALL,已确认（2026-07-14）,用户确认按建议采用
QNXY-SCN-P0-007-南宋临水古廊亭,南宋临水古廊亭,QNXY-SCN-P0-007-南宋临水古廊亭-V,SV2,需核验入口廊道、3根立柱、8米栏杆、6米乘3米等待区、临水边界与5只白鹭1艘远舟1盏灯笼的空间连续,是,MASTER;FRONT;BACK;LEFT;RIGHT;TOP,无,是,隔柱斜角;栏杆侧逆光关系视图;文书手部局部,SV2,MASTER;FRONT;BACK;LEFT;RIGHT;TOP,QNXY-SCN-P0-007-南宋临水古廊亭-V-MASTER;QNXY-SCN-P0-007-南宋临水古廊亭-V-FRONT;QNXY-SCN-P0-007-南宋临水古廊亭-V-BACK;QNXY-SCN-P0-007-南宋临水古廊亭-V-LEFT;QNXY-SCN-P0-007-南宋临水古廊亭-V-RIGHT;QNXY-SCN-P0-007-南宋临水古廊亭-V-TOP,待主创确认（docs/29 V2.0已编写）,稳定视图ID保留；MASTER使用docs/29 V2.0；标准五视图Prompt待MASTER确认后重写
QNXY-SCN-P0-008-南宋西子湾三孔石桥渡口与追船岸,南宋西子湾三孔石桥渡口与追船岸,QNXY-SCN-P0-008-南宋西子湾三孔石桥渡口与追船岸-V,SV2,需核验1座36米三孔石桥横跨整条河面连接两岸以及渡船缆绳登船点追船岸停步点与船行水道的连续关系,是,MASTER;FRONT;BACK;LEFT;RIGHT;TOP,无,是,桥下互赠斜角;登船低位;岸线跟跑;远船回望,SV2,MASTER;FRONT;BACK;LEFT;RIGHT;TOP,QNXY-SCN-P0-008-南宋西子湾三孔石桥渡口与追船岸-V-MASTER;QNXY-SCN-P0-008-南宋西子湾三孔石桥渡口与追船岸-V-FRONT;QNXY-SCN-P0-008-南宋西子湾三孔石桥渡口与追船岸-V-BACK;QNXY-SCN-P0-008-南宋西子湾三孔石桥渡口与追船岸-V-LEFT;QNXY-SCN-P0-008-南宋西子湾三孔石桥渡口与追船岸-V-RIGHT;QNXY-SCN-P0-008-南宋西子湾三孔石桥渡口与追船岸-V-TOP,待主创确认（docs/29 V2.0已编写）,稳定视图ID保留；MASTER使用docs/29 V2.0；标准五视图Prompt待MASTER确认后重写
QNXY-SCN-P0-009-湖边祈福树固定机位湖岸,湖边祈福树固定机位湖岸,QNXY-SCN-P0-009-湖边祈福树固定机位湖岸-V,SV0,固定65mm机位；树体38%湖面42%远山20%；春夏秋冬暮年均为1名女子且树湖山与主叙事红绸0处漂移,是,MASTER,无,否,红绸局部;树下人物关系;暮年人物轮廓,SV0,MASTER,QNXY-SCN-P0-009-湖边祈福树固定机位湖岸-V-MASTER,待主创确认（docs/29 V2.0已编写）,稳定视图ID保留；使用docs/29 V2.0春夏秋冬暮年5条确定性Prompt按顺序生成回流
