场景生产资产ID,场景名称,宋式空间模式,第一视觉锚点,安静留白目标,近中远组织,建筑与材料控制,色彩影调,禁止项
QNXY-SCN-P0-001-巴岳山麓龙水湖神话山湖,巴岳山麓龙水湖神话山湖,北宋山水等级结合南宋烟岚留白,右侧主山与银青湖盆水道及九龙双珠关系,湖面32%|天空云雾24%|合计56%,近景湿黑岩石林梢占10%|中景湖盆正好4组岛体与2颗古玉珠|远景正好5层巴岳群山|天空正好9条神龙按1条前层3条中层5条远层分布,地貌真实|主山占34%|山体大块归组|九龙双珠直接进入MASTER|0处现代人造物,暗部40%|珍珠白淡金反射8%|双珠各占画面宽度0.6%|3条雾带,仙山宫阙|悬浮山体|满天霞光|九龙数量错误或入水|双珠法阵化|居中旅游照|全景同等锐利|纹理堆砌
QNXY-SCN-P2-002-殿宇帷幔侧影视域,殿宇帷幔侧影视域,宋代界画式结构准确结合帷幔遮挡留白,一组偏侧柱梁与帷幔开口,暗部与帷幔负形约35%至50%,近景帷幔和柱体遮挡|中景侧影活动区|远处门窗或庭光只给一层提示,按宫殿等级使用真实木构柱梁枋门窗|彩画局部青绿朱白黑|不满铺金,香灰旧木褐墨青为底|小面积低纯朱与青绿|庭光柔和,明清宫殿|金龙琉璃|巨型繁密斗栱|满墙雕花|舞台布景感|无来源轮廓光
QNXY-SCN-P1-003-大足石刻式九龙水法岩壁,大足石刻式九龙水法岩壁,北宋纪念性山石秩序结合大足石刻九龙水法实证,正好9个石龙首与9条重力水路,岩壁72%|森林暗部18%|集水池10%,上层2个龙首|中层4个龙首|下层3个龙首|9条细流汇入1座集水池,天然砂岩与高浮雕一体|苔藓覆盖12%|龙口石槽和水路全部服从重力,暗部62%|石材暖灰高光14%|银青水面反光6%|森林蓝黑18%,人物造像|龛像|现代栏杆|说明牌|荧光水|金色符文|龙首数量错误|青苔或裂纹覆盖整壁
QNXY-SCN-P1-004-南宋山城防线远景,南宋山城防线远景,北宋全景山水等级结合宋代真实防御地理,中远景山脊防线与谷口通道,近景低坡14%|中景防线谷地38%|远景群山28%|天空云雾20%,近景正好1条低缓林坡且0座高山|中景1段城墙1座木关门4面军旗2缕烽烟|远景正好4层低缓山脊,青灰石城墙夯土填芯旧木门楼|建筑小于山体|城墙露出宽度64%,墨青深黛绿近景|青灰石城墙|4层青蓝远山|暗赭烽烟4%,明代砖长城|巨型烽火台|满山军营|近景高山|战争游戏堡垒|爆炸火海|士兵队列
QNXY-SCN-P0-005-南宋龙水湖湖面与青石岸,南宋龙水湖湖面与青石岸,南宋边角式高位俯瞰船岸叙事空间,中央水道连接1艘小舟与右岸靠岸口等待区,湖面58%|右岸24%|岛体12%|远山天空6%,右岸1块直径4米等待区与1条宽1.5米归家路径|中景正好1艘7.5米旧木篷船与4只白鹭|远景正好3组林木岛体,天然蓝灰青石岸|0块规则石板|0级石阶|船内1卷书卷1个纸墨包1只竹篮,暖金反射占湖面25%|银青粉青湖水|墨青黛绿岛岸|右岸树影低3档,人物|桥梁|码头|栏杆|砌石护岸|第二艘船|白鹭数量错误或排队|旅游船|现代设施
QNXY-SCN-P1-006-南宋战乱街巷,南宋战乱街巷,清明上河图式生活观察结合选择性删减,一条斜向逃难通道与征募文书墙关系,天空烟尘墙面空区约25%至35%,近景3至5件集中摆放的逃难布包木箱|中景已贴征募文书与无人通行区|远景街巷收束至冷亮出口和尘气,巴蜀木构民居灰瓦土墙夯土路|征募文书和布包木箱作为已登记非人物元素进入MASTER|不得满街招牌,墨青灰绿旧木褐香灰为主|暗赭尘光只作小面积强调,繁华市集堆砌|灯笼海|明清牌楼|遍地杂物|人物或群演|随机可读汉字|灾难大片橙色滤镜
QNXY-SCN-P0-007-南宋临水古廊亭,南宋临水古廊亭,南宋边角式亭水英雄剧照,左下廊亭端部与右侧银青湖光,廊亭18%|树影12%|湖面58%|远山天空12%,近景1段屋檐3根立柱1段8米栏杆1块6米乘3米等待区|中景正好2只低飞白鹭|远景正好2只中景白鹭1只高飞白鹭1艘6.5米小舟,宋代木构柱梁枋屋架受力清楚|1盏高42厘米直径28厘米旧布灯笼|MASTER只露临水端部,旧木褐墨青黛绿廊亭|粉青银青湖面|4层远山|灯笼暗琥珀1.5%,人物|城市天际线|塔楼|白鹭数量错误或排队|第二艘船|第二盏灯笼|完整建筑陈列|六角亭旅游照|居中对称|明清园林
QNXY-SCN-P0-008-南宋西子湾三孔石桥渡口与追船岸,南宋西子湾三孔石桥渡口与追船岸,宋代生活长卷观察结合南宋水面留白,1座三孔石桥横跨整条河面并连接两岸,桥体宽度78%|河面46%|左岸18%|右岸24%|远山天空12%,近景1条宽1.8米追船路径与1个岸端停步点|中景1座36米三孔石桥1艘7.8米渡船1根6米粗麻缆绳|远景1条船行水道与3层远山,中央拱净跨10米|两侧拱净跨各8米|桥面宽4.2米|风化青灰砂岩拱券|0处桥水岸断裂,铜金反射占河面18%|桥孔蓝黑|青灰石桥|墨青黛绿湿岸|石青粉青水面,单孔双孔四孔桥|人物船工|第二艘船|缆绳缺失|现代景观|明清景区拱桥|石狮华表|桥水岸断裂
QNXY-SCN-P0-009-湖边祈福树固定机位湖岸,湖边祈福树固定机位湖岸,南宋一角式裁切祈福树与人物湖山年轮构图,固定65mm机位中的1名女子裁切祈福树湖面远山与主叙事红绸,树体38%|湖面42%|远山20%|人物高度春秋8%夏冬5%暮年7%,春22岁女子48条红绸18簇山花3只白鹭|夏28岁女子51条红绸1艘船|秋36岁女子55条红绸7只候鸟|冬44岁女子57条红绸7厘米积雪|暮年68岁女子72条红绸1根手杖,REF-039只提供偏侧树体远山层次|REF-024提供天然纤维红绸|主叙事红绸固定坐标31%与28%且长1.5米宽12厘米|树湖山机位0处漂移,春06:20春雨嫩绿湖雾山花|夏10:30雨后深绿通透|秋17:40满山金黄|冬14:20下雪月白石青|暮年初秋06:10雨后银青,人物缺失|人物脸部特写|机位或树湖山漂移|红绸数量错误|现代园艺花海|季节船鸟重复|字幕黑边风机电力设施|冬雪改变地形|梦幻光斑
