补充项编号,资产名称,资产类型,关联生产包,关联AI段落,上游参考,生成依赖,Prompt文档,Prompt版本,输出规格,解决风险,当前状态,主创确认状态,稳定生产资产ID,稳定场景视图ID,回流文件路径,备注
AI03-SUP-01,南宋军士六人整队奔跑干净人物组,人物群组资产,AI03-街巷战乱与征募,AI-03,"宋军士兵02.png；宋军士兵04.png；宋军士兵05.png",无,docs/39_阶段3_AI03雨中告别调整审查与补充资产Prompt_2026-07-29.md,V1.0-DRAFT,16:9 3840×2160,解决街巷反向跑动时军士身份混杂与队形漂移,缺失,等待主创确认,,,,"仅锁定六名南宋军士；回流审查通过后再登记稳定ID"
AI03-SUP-02,街巷军民逆向流动关系关键帧,场景加人物关键帧,AI03-街巷战乱与征募,AI-03,发传单贴告示.png,AI03-SUP-01,docs/39_阶段3_AI03雨中告别调整审查与补充资产Prompt_2026-07-29.md,V1.0-DRAFT,16:9 3840×2160,锁定难民急迫撤离与宋军整队逆向奔赴前线的空间关系,缺失,等待主创确认,,,,"难民与军士必须形成两个清楚且相反的运动方向"
AI03-SUP-03,苏珏个人从军文书四状态,独立道具状态资产,AI03-街巷战乱与征募及廊亭告别,AI-03,招募告示.png,无,docs/39_阶段3_AI03雨中告别调整审查与补充资产Prompt_2026-07-29.md,V1.0-DRAFT,16:9 3840×2160,补足墙上征募告示与苏珏手持个人从军文书之间的因果区分及雨中攥紧状态,缺失,等待主创确认,,,,"四状态为平整独立、手持阅读、轻微折痕、雨中攥皱；文字不作为镜头可读信息"
AI03-SUP-04,雨中苏珏外出常服多视图,人物状态资产,AI03-廊亭雨中告别,AI-03,廊亭苏珏.png,无,docs/39_阶段3_AI03雨中告别调整审查与补充资产Prompt_2026-07-29.md,V1.0-DRAFT,16:9 3840×2160,锁定持续降雨下苏珏发型服装湿度与同一演员身份,缺失,等待主创确认,,,,"身高生产尺度185厘米；参考图为同一人物的多视图"
AI03-SUP-05,廊亭入口干净反打视图,场景视图资产,AI03-廊亭雨中告别,AI-03,"亭子正视图.png；正左侧视图亭子.png；正背视图亭子.png",无,docs/39_阶段3_AI03雨中告别调整审查与补充资产Prompt_2026-07-29.md,V1.0-DRAFT,16:9 3840×2160,替代不可直接调用的多视图拼版并锁定入口栏杆廊柱关系,缺失,等待主创确认,,,,"正背视图亭子.png仅作结构参照，不得直接作为单镜头输入"
AI03-SUP-06,雨中廊亭入口反打视图,场景天气状态资产,AI03-廊亭雨中告别,AI-03,AI03-SUP-05,AI03-SUP-05,docs/39_阶段3_AI03雨中告别调整审查与补充资产Prompt_2026-07-29.md,V1.0-DRAFT,16:9 3840×2160,锁定男主由廊道进入廊亭时的雨线湿地与冷灰光源,缺失,等待主创确认,,,,"与干净反打视图保持同一机位和同一结构"
AI03-SUP-07,雨中廊亭正视图,场景天气状态资产,AI03-廊亭雨中告别,AI-03,亭子正视图.png,无,docs/39_阶段3_AI03雨中告别调整审查与补充资产Prompt_2026-07-29.md,V1.0-DRAFT,16:9 3840×2160,锁定双人正向对白和拥抱镜头的持续雨景及四盏灯笼,缺失,等待主创确认,,,,"保持同一廊亭、同一湖山方向、固定四盏灯笼"
AI03-SUP-08,雨中廊亭正左侧视图,场景天气状态资产,AI03-廊亭雨中告别,AI-03,正左侧视图亭子.png,无,docs/39_阶段3_AI03雨中告别调整审查与补充资产Prompt_2026-07-29.md,V1.0-DRAFT,16:9 3840×2160,锁定侧向对白、抓衣袖和拥抱动作的轴线与雨景连续性,缺失,等待主创确认,,,,"保持与正视图一致的栏杆、廊柱、灯笼和湖岸关系"
AI03-SUP-09,雨中临水廊亭湖面氛围视图,场景氛围资产,AI03-廊亭雨中告别,AI-03,临水古廊亭03.png,无,docs/39_阶段3_AI03雨中告别调整审查与补充资产Prompt_2026-07-29.md,V1.0-DRAFT,16:9 3840×2160,提供横移跳开空镜和拥抱拉远时可见的雨雾湖面环境,缺失,等待主创确认,,,,"保留临水古廊亭03的湖山方向；改为持续降雨与低云雨雾"
